<?xml version="1.0" encoding="UTF-8" ?>
<Card style="default">
    <!-- 1. file name must be the same filename of preference
         2. src attribute is for developer to specify their customized layout xml
         (relative path to this mapping rule), which is optional.
         (if not specified, src use "default" to use UIWear provided layout)
    -->

    <!--Card has at least two elements:
    1. title (textual info)
    2. text (textual info)
    3. optional icon (image info)
    4. optional background (image info)

    * textual info can be from TextView (Button is subclass of TextView)
    * image info can be from ImageView (ImageButton is subclass of ImageView)

    For each element:
    from attribute means the id of preference UI nodes from phone app
    value contains default info (e.g., text, image path ) for initialization, reset functionality.
    for image value, the location is under Resources folder
    -->
    <Title from="com.spotify.music:id/title" to="title">
        <text>Song title</text>
    </Title>
    <Description from="com.spotify.music:id/artistAndAlbum" to="text">
        <text>Album artist</text>
    </Description>
    <Icon from="com.spotify.music:id/btn_play" to="icon">
        <image>btn_play.png</image>
    </Icon>
    <Background from="com.spotify.music:id/image" to="card">
        <image>bg_placeholder.png</image>
    </Background>
</Card>
