<?xml version="1.0" encoding="utf-8"?>
<LinearLayout>
    <FrameLayout>
        <ImageView from="android:id/icon" to="thumbnail">
            <image>icon_default.png</image>
        </ImageView>
    </FrameLayout>
    <LinearLayout>
        <TextView from="android:id/text1" to="item_text1">
            <text>Song name</text>
        </TextView>
        <TextView from="android:id/text2" to="item_text2">
            <text>Album artist</text>
        </TextView>
    </LinearLayout>
</LinearLayout>
