<?xml version="1.0" encoding="UTF-8" ?>
<RelativeLayout id="2016-11-09-04_35_45" style="customized_view_sample">
    <!-- this an example mapping rule for customized view layout
    id attribute is mandatory and is the filename of preference file
    -->
    <android.support.wearable.view.CircularButton from="com.northpark.drinkwater:id/add_cup" to="add_cup_button"/>
    <RelativeLayout>
        <LinearLayout>
            <TextView from="com.northpark.drinkwater:id/drink_target" to="target_and_consumed_tv">
                <text>0/100fl oz</text>
            </TextView>
        </LinearLayout>
    </RelativeLayout>
</RelativeLayout>
